{
    "blood-transfusion-service-center": {
        "accuracy_results": {
            "clas_accuracy": {
                "scores": [
                    0.5533333333333333,
                    0.7866666666666666,
                    0.8933333333333333,
                    0.7315436241610739,
                    0.9060402684563759
                ],
                "mean": 0.7741834451901566,
                "std": 0.1283212178475451
            },
            "clas_dissimilarity": {
                "scores": [
                    0.5533333333333333,
                    0.7866666666666666,
                    0.8933333333333333,
                    0.6711409395973155,
                    0.9060402684563759
                ],
                "mean": 0.7621029082774049,
                "std": 0.1344630666840098
            },
            "clas_spread": {
                "scores": [
                    0.5533333333333333,
                    0.7866666666666666,
                    0.8933333333333333,
                    0.6711409395973155,
                    0.9060402684563759
                ],
                "mean": 0.7621029082774049,
                "std": 0.1344630666840098
            },
            "clas_convex_hull": {
                "scores": [
                    0.5533333333333333,
                    0.7866666666666666,
                    0.8933333333333333,
                    0.6711409395973155,
                    0.9060402684563759
                ],
                "mean": 0.7621029082774049,
                "std": 0.1344630666840098
            },
            "accuracy": {
                "scores": [
                    0.66,
                    0.7866666666666666,
                    0.8866666666666667,
                    0.7248322147651006,
                    0.9060402684563759
                ],
                "mean": 0.792841163310962,
                "std": 0.09373086860432642
            },
            "dissimilarity": {
                "scores": [
                    0.5533333333333333,
                    0.7866666666666666,
                    0.8933333333333333,
                    0.6711409395973155,
                    0.9060402684563759
                ],
                "mean": 0.7621029082774049,
                "std": 0.1344630666840098
            },
            "spread": {
                "scores": [
                    0.5533333333333333,
                    0.7866666666666666,
                    0.8933333333333333,
                    0.6711409395973155,
                    0.9060402684563759
                ],
                "mean": 0.7621029082774049,
                "std": 0.1344630666840098
            },
            "convex_hull": {
                "scores": [
                    0.5533333333333333,
                    0.7866666666666666,
                    0.8933333333333333,
                    0.6711409395973155,
                    0.9060402684563759
                ],
                "mean": 0.7621029082774049,
                "std": 0.1344630666840098
            }
        },
        "time": {
            "clas_accuracy": 9.372159004211426,
            "clas_dissimilarity": 35.9508843421936,
            "clas_spread": 50.36776089668274,
            "clas_convex_hull": 61.35754418373108,
            "accuracy": 12.716303825378418,
            "dissimilarity": 35.41562366485596,
            "spread": 52.24302005767822,
            "convex_hull": 59.57044529914856
        },
        "equivalence": {
            "('clas_accuracy', 'clas_dissimilarity')": {
                "pvalue": 1.0,
                "equivalent": true
            },
            "('clas_accuracy', 'clas_spread')": {
                "pvalue": 1.0,
                "equivalent": true
            },
            "('clas_accuracy', 'clas_convex_hull')": {
                "pvalue": 1.0,
                "equivalent": true
            },
            "('clas_accuracy', 'accuracy')": {
                "pvalue": 1.0,
                "equivalent": true
            },
            "('clas_accuracy', 'dissimilarity')": {
                "pvalue": 1.0,
                "equivalent": true
            },
            "('clas_accuracy', 'spread')": {
                "pvalue": 1.0,
                "equivalent": true
            },
            "('clas_accuracy', 'convex_hull')": {
                "pvalue": 1.0,
                "equivalent": true
            },
            "('clas_dissimilarity', 'clas_spread')": {
                "pvalue": 1.0,
                "equivalent": true
            },
            "('clas_dissimilarity', 'clas_convex_hull')": {
                "pvalue": 1.0,
                "equivalent": true
            },
            "('clas_dissimilarity', 'accuracy')": {
                "pvalue": 0.5,
                "equivalent": true
            },
            "('clas_dissimilarity', 'dissimilarity')": {
                "pvalue": 1.0,
                "equivalent": true
            },
            "('clas_dissimilarity', 'spread')": {
                "pvalue": 1.0,
                "equivalent": true
            },
            "('clas_dissimilarity', 'convex_hull')": {
                "pvalue": 1.0,
                "equivalent": true
            },
            "('clas_spread', 'clas_convex_hull')": {
                "pvalue": 1.0,
                "equivalent": true
            },
            "('clas_spread', 'accuracy')": {
                "pvalue": 0.5,
                "equivalent": true
            },
            "('clas_spread', 'dissimilarity')": {
                "pvalue": 1.0,
                "equivalent": true
            },
            "('clas_spread', 'spread')": {
                "pvalue": 1.0,
                "equivalent": true
            },
            "('clas_spread', 'convex_hull')": {
                "pvalue": 1.0,
                "equivalent": true
            },
            "('clas_convex_hull', 'accuracy')": {
                "pvalue": 0.5,
                "equivalent": true
            },
            "('clas_convex_hull', 'dissimilarity')": {
                "pvalue": 1.0,
                "equivalent": true
            },
            "('clas_convex_hull', 'spread')": {
                "pvalue": 1.0,
                "equivalent": true
            },
            "('clas_convex_hull', 'convex_hull')": {
                "pvalue": 1.0,
                "equivalent": true
            },
            "('accuracy', 'dissimilarity')": {
                "pvalue": 0.5,
                "equivalent": true
            },
            "('accuracy', 'spread')": {
                "pvalue": 0.5,
                "equivalent": true
            },
            "('accuracy', 'convex_hull')": {
                "pvalue": 0.5,
                "equivalent": true
            },
            "('dissimilarity', 'spread')": {
                "pvalue": 1.0,
                "equivalent": true
            },
            "('dissimilarity', 'convex_hull')": {
                "pvalue": 1.0,
                "equivalent": true
            },
            "('spread', 'convex_hull')": {
                "pvalue": 1.0,
                "equivalent": true
            }
        }
    }
}